bin,subreddit,n_users
<1M,AglaeaMains,1
<1M,BanGDream,1
<1M,CPTSDmemes,1
<1M,D4DJ,1
<1M,HertaMains,1
<1M,HimekoMains,1
<1M,HonkaiStarRail,1
<1M,HonkaiStarRail_leaks,1
<1M,QueensofStarRail,1
<1M,StarRailStation,1
<1M,masculinity_rocks,1
<1M,okbuddytrailblazer,1
1‑2M,AglaeaMains,0
1‑2M,BanGDream,0
1‑2M,CPTSDmemes,0
1‑2M,D4DJ,0
1‑2M,HertaMains,0
1‑2M,HimekoMains,0
1‑2M,HonkaiStarRail,0
1‑2M,HonkaiStarRail_leaks,0
1‑2M,QueensofStarRail,0
1‑2M,StarRailStation,0
1‑2M,masculinity_rocks,0
1‑2M,okbuddytrailblazer,0
2‑3M,AglaeaMains,0
2‑3M,BanGDream,0
2‑3M,CPTSDmemes,0
2‑3M,D4DJ,0
2‑3M,HertaMains,0
2‑3M,HimekoMains,0
2‑3M,HonkaiStarRail,0
2‑3M,HonkaiStarRail_leaks,0
2‑3M,QueensofStarRail,0
2‑3M,StarRailStation,0
2‑3M,masculinity_rocks,0
2‑3M,okbuddytrailblazer,0
3‑6M,AglaeaMains,0
3‑6M,BanGDream,0
3‑6M,CPTSDmemes,0
3‑6M,D4DJ,0
3‑6M,HertaMains,0
3‑6M,HimekoMains,0
3‑6M,HonkaiStarRail,0
3‑6M,HonkaiStarRail_leaks,0
3‑6M,QueensofStarRail,0
3‑6M,StarRailStation,0
3‑6M,masculinity_rocks,0
3‑6M,okbuddytrailblazer,0
>6M,AglaeaMains,0
>6M,BanGDream,0
>6M,CPTSDmemes,0
>6M,D4DJ,0
>6M,HertaMains,0
>6M,HimekoMains,0
>6M,HonkaiStarRail,0
>6M,HonkaiStarRail_leaks,0
>6M,QueensofStarRail,0
>6M,StarRailStation,0
>6M,masculinity_rocks,0
>6M,okbuddytrailblazer,0
